CONTRACT_NO,SERVICE_TYPE,SIGN_DATE,START_DATE,END_DATE,GUARANTEE_VALUE,STATUS,AGENCY_ID
434,0,2021-06-29 00:00:00.0,2021-06-22 00:00:00.0,2021-06-30 00:00:00.0,33,0,com.neo.vas.domain.Agency@573d7e94
1,0,2021-06-10 00:00:00.0,2021-06-11 00:00:00.0,2021-06-13 00:00:00.0,555,2,com.neo.vas.domain.Agency@25b2f3e3
10018,0,2021-05-27 10:35:27.0,2021-05-21 09:40:02.273,2021-05-21 09:40:02.273,12000,0,com.neo.vas.domain.Agency@25b2f3e3
2222,0,2021-06-07 00:00:00.0,2021-06-08 00:00:00.0,2021-06-09 00:00:00.0,2222,1,com.neo.vas.domain.Agency@573d7e94
10015,0,2021-05-25 12:12:12.0,2021-05-21 09:40:02.273,2021-05-21 09:40:02.273,123,0,com.neo.vas.domain.Agency@b5eb6cc
10011,0,2021-05-25 12:12:12.0,2021-05-21 09:40:02.273,2021-05-21 09:40:02.273,10000,1,com.neo.vas.domain.Agency@573d7e94
10016,1,2021-05-25 12:12:12.0,2021-05-21 09:40:02.273,2021-05-21 09:40:02.273,2000,0,com.neo.vas.domain.Agency@573d7e94
10019,0,2021-05-28 10:50:09.0,2021-05-21 09:40:02.273,2021-05-21 09:40:02.273,1000,1,com.neo.vas.domain.Agency@25b2f3e3
10020,0,2021-05-27 11:05:52.0,2021-05-21 09:40:02.273,2021-05-21 09:40:02.273,2000,1,com.neo.vas.domain.Agency@25b2f3e3
10021,0,2021-05-04 11:10:01.0,2021-05-21 09:40:02.273,2021-05-21 09:40:02.273,12,1,com.neo.vas.domain.Agency@b5eb6cc
10022,0,2021-05-27 11:20:20.0,2021-05-21 09:40:02.273,2021-05-21 09:40:02.273,12,1,com.neo.vas.domain.Agency@25b2f3e3
10023,1,2021-05-27 11:40:24.0,2021-05-21 09:40:02.273,2021-05-21 09:40:02.273,12,1,com.neo.vas.domain.Agency@682b2016
10029,0,2021-05-27 14:40:45.0,2021-05-21 09:40:02.273,2021-05-21 09:40:02.273,0,1,com.neo.vas.domain.Agency@5703daea
10002,1,2021-12-22 09:25:00.0,2021-05-21 09:40:02.273,2021-05-21 09:40:02.273,11,1,com.neo.vas.domain.Agency@275740b7
10003,1,2021-12-22 09:25:00.0,2021-05-21 09:40:02.273,2021-05-21 09:40:02.273,11,1,com.neo.vas.domain.Agency@4bfc8ecf
10004,0,2021-12-22 09:25:00.0,2021-04-30 02:32:55.775,2021-04-30 02:32:55.775,11,0,com.neo.vas.domain.Agency@3c64ed02
10005,0,2021-12-22 09:25:00.0,2021-05-21 09:40:02.273,2021-05-21 09:40:02.273,11,0,com.neo.vas.domain.Agency@3c64ed02
10006,0,2021-12-22 09:25:00.0,2021-05-21 09:40:02.273,2021-05-21 09:40:02.273,11,0,com.neo.vas.domain.Agency@5703daea
10007,1,2021-12-22 09:25:00.0,2021-05-21 09:40:02.273,2021-05-21 09:40:02.273,11,0,com.neo.vas.domain.Agency@4bfc8ecf
10017,0,2021-12-22 09:25:00.0,2021-05-21 09:40:02.273,2021-05-21 09:40:02.273,12000000,1,com.neo.vas.domain.Agency@4bfc8ecf
10024,1,2021-05-27 14:05:46.0,2021-05-21 09:40:02.273,2021-05-21 09:40:02.273,0,1,com.neo.vas.domain.Agency@4bfc8ecf
66,0,2021-06-09 00:00:00.0,2021-06-16 00:00:00.0,2021-06-29 00:00:00.0,4654,0,com.neo.vas.domain.Agency@b5eb6cc
11,0,2021-06-03 00:00:00.0,2021-06-04 00:00:00.0,2021-06-10 00:00:00.0,33,1,com.neo.vas.domain.Agency@65469c4d
1111111,0,2021-06-11 00:00:00.0,2021-06-12 00:00:00.0,2021-06-18 00:00:00.0,5555,3,com.neo.vas.domain.Agency@619342d7
34,0,2021-06-21 00:00:00.0,2021-06-09 00:00:00.0,2021-06-28 00:00:00.0,33,1,com.neo.vas.domain.Agency@7f367e1e
10025,0,2021-05-27 14:25:12.0,2021-05-21 09:40:02.273,2021-05-21 09:40:02.273,0,1,com.neo.vas.domain.Agency@1add18fa
10026,0,2021-05-27 14:30:34.0,2021-05-21 09:40:02.273,2021-05-21 09:40:02.273,0,1,com.neo.vas.domain.Agency@b5eb6cc
10030,0,2021-05-27 14:50:45.0,2021-05-21 09:40:02.273,2021-05-21 09:40:02.273,0,1,com.neo.vas.domain.Agency@b5eb6cc
10031,0,2021-05-27 14:55:12.0,2021-05-21 09:40:02.273,2021-05-21 09:40:02.273,0,1,com.neo.vas.domain.Agency@7f367e1e
